{
  "version": 2,
  "kind": "repociv-3d-terrain-atlas",
  "texture": "/assets/3d/terrain-atlas-3d.png",
  "normalTexture": "/assets/3d/terrain-normal-atlas-3d.png",
  "cellSize": 1024,
  "columns": 4,
  "rows": 3,
  "terrains": {
    "plains": {
      "index": 0,
      "rect": [
        0,
        0,
        1024,
        1024
      ],
      "uvRect": [
        0.0,
        0.0,
        0.25,
        0.3333333333333333
      ]
    },
    "forest": {
      "index": 1,
      "rect": [
        1024,
        0,
        1024,
        1024
      ],
      "uvRect": [
        0.25,
        0.0,
        0.25,
        0.3333333333333333
      ]
    },
    "mountain": {
      "index": 2,
      "rect": [
        2048,
        0,
        1024,
        1024
      ],
      "uvRect": [
        0.5,
        0.0,
        0.25,
        0.3333333333333333
      ]
    },
    "desert": {
      "index": 3,
      "rect": [
        3072,
        0,
        1024,
        1024
      ],
      "uvRect": [
        0.75,
        0.0,
        0.25,
        0.3333333333333333
      ]
    },
    "ocean": {
      "index": 4,
      "rect": [
        0,
        1024,
        1024,
        1024
      ],
      "uvRect": [
        0.0,
        0.3333333333333333,
        0.25,
        0.3333333333333333
      ]
    },
    "ice": {
      "index": 5,
      "rect": [
        1024,
        1024,
        1024,
        1024
      ],
      "uvRect": [
        0.25,
        0.3333333333333333,
        0.25,
        0.3333333333333333
      ]
    },
    "hills": {
      "index": 6,
      "rect": [
        2048,
        1024,
        1024,
        1024
      ],
      "uvRect": [
        0.5,
        0.3333333333333333,
        0.25,
        0.3333333333333333
      ]
    },
    "sacred": {
      "index": 7,
      "rect": [
        3072,
        1024,
        1024,
        1024
      ],
      "uvRect": [
        0.75,
        0.3333333333333333,
        0.25,
        0.3333333333333333
      ]
    },
    "fog": {
      "index": 8,
      "rect": [
        0,
        2048,
        1024,
        1024
      ],
      "uvRect": [
        0.0,
        0.6666666666666666,
        0.25,
        0.3333333333333333
      ]
    }
  }
}