{
  "cellSize": 512,
  "columns": 4,
  "generatedBy": "repociv-3d-asset-forge",
  "kind": "repociv-3d-terrain-atlas",
  "normalTexture": "/assets/3d/terrain-normal-atlas-3d.png",
  "roughnessTexture": "/assets/3d/terrain-roughness-atlas-3d.png",
  "rows": 3,
  "terrains": {
    "desert": {
      "index": 3,
      "rect": [
        1536,
        0,
        512,
        512
      ],
      "roughness": 0.88,
      "uvRect": [
        0.75,
        0.0,
        0.25,
        0.3333333333333333
      ]
    },
    "fog": {
      "index": 8,
      "rect": [
        0,
        1024,
        512,
        512
      ],
      "roughness": 0.95,
      "uvRect": [
        0.0,
        0.6666666666666666,
        0.25,
        0.3333333333333333
      ]
    },
    "forest": {
      "index": 1,
      "rect": [
        512,
        0,
        512,
        512
      ],
      "roughness": 0.75,
      "uvRect": [
        0.25,
        0.0,
        0.25,
        0.3333333333333333
      ]
    },
    "hills": {
      "index": 6,
      "rect": [
        1024,
        512,
        512,
        512
      ],
      "roughness": 0.78,
      "uvRect": [
        0.5,
        0.3333333333333333,
        0.25,
        0.3333333333333333
      ]
    },
    "ice": {
      "index": 5,
      "rect": [
        512,
        512,
        512,
        512
      ],
      "roughness": 0.22,
      "uvRect": [
        0.25,
        0.3333333333333333,
        0.25,
        0.3333333333333333
      ]
    },
    "mountain": {
      "index": 2,
      "rect": [
        1024,
        0,
        512,
        512
      ],
      "roughness": 0.92,
      "uvRect": [
        0.5,
        0.0,
        0.25,
        0.3333333333333333
      ]
    },
    "ocean": {
      "index": 4,
      "rect": [
        0,
        512,
        512,
        512
      ],
      "roughness": 0.18,
      "uvRect": [
        0.0,
        0.3333333333333333,
        0.25,
        0.3333333333333333
      ]
    },
    "plains": {
      "index": 0,
      "rect": [
        0,
        0,
        512,
        512
      ],
      "roughness": 0.82,
      "uvRect": [
        0.0,
        0.0,
        0.25,
        0.3333333333333333
      ]
    },
    "sacred": {
      "index": 7,
      "rect": [
        1536,
        512,
        512,
        512
      ],
      "roughness": 0.45,
      "uvRect": [
        0.75,
        0.3333333333333333,
        0.25,
        0.3333333333333333
      ]
    }
  },
  "texture": "/assets/3d/terrain-atlas-3d.png",
  "version": 1
}
